{
    "ACA.PA": 0.010525116696953773,
    "AI.PA": 0.005406520329415798,
    "AIR.PA": 0.018144527450203896,
    "ALO.PA": 0.008149215951561928,
    "BN.PA": 0.005840241443365812,
    "BNP.PA": 0.011170058511197567,
    "CA.PA": 0.0069305384531617165,
    "CAP.PA": 0.009885849431157112,
    "CS.PA": 0.010650060139596462,
    "DG.PA": 0.01140227634459734,
    "DSY.PA": 0.009047252126038074,
    "EL.PA": 0.008335624821484089,
    "EN.PA": 0.011025740765035152,
    "ENGI.PA": 0.007295314688235521,
    "ERF.PA": 0.007158512249588966,
    "GLE.PA": 0.01386764831840992,
    "HO.PA": 0.00990364234894514,
    "KER.PA": 0.00898586306720972,
    "LR.PA": 0.0071963658556342125,
    "MC.PA": 0.007595295086503029,
    "ML.PA": 0.0076910099014639854,
    "MT.AS": 0.014052639715373516,
    "OR.PA": 0.00574936019256711,
    "ORA.PA": 0.006188423838466406,
    "PUB.PA": 0.009615928865969181,
    "RI.PA": 0.004784990102052689,
    "RMS.PA": 0.006587205920368433,
    "RNO.PA": 0.015134391374886036,
    "SAF.PA": 0.019022325053811073,
    "SAN.PA": 0.0043059056624770164,
    "SGO.PA": 0.010802103206515312,
    "STMPA.PA": 0.011098836548626423,
    "SU.PA": 0.007331508211791515,
    "TEP.PA": 0.009982572868466377,
    "TTE.PA": 0.010310559533536434,
    "URW.AS": 0.018330460414290428,
    "VIE.PA": 0.0072301216423511505,
    "VIV.PA": 0.006528475321829319
}